In Stock,Title,Price
In stock,Sapiens: A Brief History of Humankind,Â£54.23
In stock,Set Me Free,Â£17.46
In stock,Scott Pilgrim's Precious Little Life (Scott Pilgrim #1),Â£52.29
In stock,Rip it Up and Start Again,Â£35.02
In stock,Chase Me (Paris Nights #2),Â£25.27
In stock,Black Dust,Â£34.53
In stock,Worlds Elsewhere: Journeys Around Shakespeareâs Globe,Â£40.30
In stock,The Four Agreements: A Practical Guide to Personal Freedom,Â£17.66
In stock,The Elephant Tree,Â£23.82
In stock,Sophie's World,Â£15.94
In stock,Private Paris (Private #10),Â£47.61
In stock,#HigherSelfie: Wake Up Your Life. Free Your Soul. Find Your Tribe.,Â£23.11
In stock,"We Love You, Charlie Freeman",Â£50.27
In stock,Thirst,Â£17.27
In stock,"The Inefficiency Assassin: Time Management Tactics for Working Smarter, Not Longer",Â£20.59
In stock,The Activist's Tao Te Ching: Ancient Advice for a Modern Revolution,Â£32.24
In stock,"Princess Jellyfish 2-in-1 Omnibus, Vol. 01 (Princess Jellyfish 2-in-1 Omnibus #1)",Â£13.61
In stock,Princess Between Worlds (Wide-Awake Princess #5),Â£13.34
In stock,Join,Â£35.67
In stock,Immunity: How Elie Metchnikoff Changed the Course of Modern Medicine,Â£57.36
In stock,Call the Nurse: True Stories of a Country Nurse on a Scottish Isle,Â£29.14
In stock,"A Piece of Sky, a Grain of Rice: A Memoir in Four Meditations",Â£56.76
In stock,A Flight of Arrows (The Pathfinders #2),Â£55.53
In stock,(Un)Qualified: How God Uses Broken People to Do Big Things,Â£54.00
In stock,The Third Wave: An Entrepreneurâs Vision of the Future,Â£12.61
In stock,The Regional Office Is Under Attack!,Â£51.36
In stock,The Nerdy Nummies Cookbook: Sweet Treats for the Geek in All of Us,Â£37.34
In stock,The Artist's Way: A Spiritual Path to Higher Creativity,Â£38.49
In stock,The Art of War,Â£33.34
In stock,Scarlett Epstein Hates It Here,Â£43.55
In stock,Redeeming Love,Â£20.47
In stock,Mrs. Houdini,Â£30.25
In stock,Modern Romance,Â£28.26
In stock,Library of Souls (Miss Peregrineâs Peculiar Children #3),Â£48.56
In stock,Frostbite (Vampire Academy #2),Â£29.99
In stock,Finders Keepers (Bill Hodges Trilogy #2),Â£53.53
In stock,Done Rubbed Out (Reightman & Bailey #1),Â£37.72
In stock,Dark Notes,Â£19.19
In stock,Batman: The Dark Knight Returns (Batman),Â£15.38
In stock,Amatus,Â£50.54
In stock,Agnostic: A Spirited Manifesto,Â£12.51
In stock,You (You #1),Â£43.61
In stock,Walt Disney's Alice in Wonderland,Â£12.96
In stock,The White Queen (The Cousins' War #1),Â£25.91
In stock,The Time Keeper,Â£27.88
In stock,The Star-Touched Queen,Â£46.02
In stock,The Songs of the Gods,Â£44.48
In stock,The Song of Achilles,Â£37.40
In stock,The Darkest Lie,Â£35.35
In stock,Superman Vol. 1: Before Truth (Superman by Gene Luen Yang #1),Â£11.89
In stock,Steve Jobs,Â£39.50
In stock,Someone Like You (The Harrisons #2),Â£52.79
In stock,"Quarter Life Poetry: Poems for the Young, Broke and Hangry",Â£50.89
In stock,Old School (Diary of a Wimpy Kid #10),Â£11.83
In stock,Made to Stick: Why Some Ideas Survive and Others Die,Â£38.85
In stock,Looking for Lovely: Collecting the Moments that Matter,Â£29.14
In stock,Let It Out: A Journey Through Journaling,Â£26.79
In stock,Lady Midnight (The Dark Artifices #1),Â£16.28
In stock,"Hyperbole and a Half: Unfortunate Situations, Flawed Coping Mechanisms, Mayhem, and Other Things That Happened",Â£14.75
In stock,Greek Mythic History,Â£10.23
In stock,God: The Most Unpleasant Character in All Fiction,Â£30.03
In stock,El Deafo,Â£57.62
In stock,"Eaternity: More than 150 Deliciously Easy Vegan Recipes for a Long, Healthy, Satisfied, Joyful Life",Â£51.75
In stock,Demigods & Magicians: Percy and Annabeth Meet the Kanes (Percy Jackson & Kane Chronicles Crossover #1-3),Â£37.51
In stock,Dear Mr. Knightley,Â£11.21
In stock,Brain on Fire: My Month of Madness,Â£49.32
In stock,Barefoot Contessa at Home: Everyday Recipes You'll Make Over and Over Again,Â£50.62
In stock,All the Light We Cannot See,Â£29.87
In stock,Abstract City,Â£56.37
In stock,A Time of Torment (Charlie Parker #14),Â£48.35
In stock,The Star-Touched Queen,Â£32.30
In stock,The Silent Sister (Riley MacPherson #1),Â£46.29
In stock,The Epidemic (The Program 0.6),Â£14.44
In stock,Psycho: Sanitarium (Psycho #1.5),Â£36.97
In stock,How to Speak Golf: An Illustrated Guide to Links Lingo,Â£58.32
In stock,Everyday Italian: 125 Simple and Delicious Recipes,Â£20.10
In stock,Eleanor & Park,Â£56.51
In stock,"Mother, Can You Not?",Â£16.89
In stock,Born for This: How to Find the Work You Were Meant to Do,Â£21.59
In stock,Adultery,Â£20.88
In stock,A Gentleman's Position (Society of Gentlemen #3),Â£14.75
In stock,10-Day Green Smoothie Cleanse: Lose Up to 15 Pounds in 10 Days!,Â£49.71
In stock,Without Shame,Â£48.27
In stock,The New Brand You: Your New Image Makes the Sale for You,Â£44.05
In stock,The Art and Science of Low Carbohydrate Living,Â£52.98
In stock,Suzie Snowflake: One beautiful flake (a self-esteem story),Â£54.81
In stock,The Unlikely Pilgrimage of Harold Fry (Harold Fry #1),Â£43.62
In stock,Smarter Faster Better: The Secrets of Being Productive in Life and Business,Â£38.89
In stock,Shadows of the Past (Logan Point #1),Â£39.67
In stock,Roller Girl,Â£14.10
In stock,Out of Print: City Lights Spotlight No. 14,Â£53.64
In stock,My Life Next Door (My Life Next Door ),Â£36.39
In stock,Les Fleurs du Mal,Â£29.04
In stock,Kill 'Em and Leave: Searching for James Brown and the American Soul,Â£45.05
In stock,Future Shock (Future Shock #1),Â£55.65
In stock,"""Most Blessed of the Patriarchs"": Thomas Jefferson and the Empire of the Imagination",Â£44.48
In stock,What Happened on Beale Street (Secrets of the South Mysteries #2),Â£25.37
In stock,The Bachelor Girl's Guide to Murder (Herringford and Watts Mysteries #1),Â£52.30
In stock,Team of Rivals: The Political Genius of Abraham Lincoln,Â£20.12
In stock,"Naturally Lean: 125 Nourishing Gluten-Free, Plant-Based Recipes--All Under 300 Calories",Â£11.38
In stock,Leave This Song Behind: Teen Poetry at Its Best,Â£51.17
In stock,King's Folly (The Kinsman Chronicles #1),Â£39.61
In stock,Good in Bed (Cannie Shapiro #1),Â£37.05
In stock,Every Heart a Doorway (Every Heart A Doorway #1),Â£12.16
In stock,Counted With the Stars (Out from Egypt #1),Â£17.97
In stock,"At The Existentialist CafÃ©: Freedom, Being, and apricot cocktails with: Jean-Paul Sartre, Simone de Beauvoir, Albert Camus, Martin Heidegger, Edmund Husserl, Karl Jaspers, Maurice Merleau-Ponty and others",Â£29.93
In stock,A Short History of Nearly Everything,Â£52.40
In stock,The Sound Of Love,Â£57.84
In stock,The Hobbit (Middle-Earth Universe),Â£17.80
In stock,The Collected Poems of W.B. Yeats (The Collected Works of W.B. Yeats #1),Â£15.42
In stock,The Barefoot Contessa Cookbook,Â£59.92
In stock,How to Stop Worrying and Start Living,Â£46.49
In stock,The Power Greens Cookbook: 140 Delicious Superfood Recipes,Â£11.05
In stock,The Mathews Men: Seven Brothers and the War Against Hitler's U-boats,Â£42.91
In stock,The False Prince (The Ascendance Trilogy #1),Â£56.00
In stock,The Darkest Corners,Â£11.33
In stock,Siddhartha,Â£34.22
In stock,Shiver (The Wolves of Mercy Falls #1),Â£16.23
In stock,Mexican Today: New and Rediscovered Recipes for Contemporary Kitchens,Â£24.91
In stock,Kill the Boy Band,Â£15.52
In stock,Isla and the Happily Ever After (Anna and the French Kiss #3),Â£48.13
In stock,If I Stay (If I Stay #1),Â£38.13
In stock,Dracula the Un-Dead,Â£35.63
In stock,Digital Fortress,Â£58.00
In stock,Booked,Â£17.49
In stock,"Blue Lily, Lily Blue (The Raven Cycle #3)",Â£34.13
In stock,Approval Junkie: Adventures in Caring Too Much,Â£58.81
In stock,An Abundance of Katherines,Â£10.00
In stock,The Passion of Dolssa,Â£28.32
In stock,The Hunger Games (The Hunger Games #1),Â£29.85
In stock,The Beast (Black Dagger Brotherhood #14),Â£46.08
In stock,Some Women,Â£13.73
In stock,Shopaholic Ties the Knot (Shopaholic #3),Â£48.39
In stock,Paper and Fire (The Great Library #2),Â£49.45
In stock,Outlander (Outlander #1),Â£19.67
In stock,No One Here Gets Out Alive,Â£20.02
In stock,Harry Potter and the Half-Blood Prince (Harry Potter #6),Â£48.75
In stock,Atlas Shrugged,Â£26.58
In stock,A New Earth: Awakening to Your Life's Purpose,Â£55.65
In stock,When You Are Engulfed in Flames,Â£30.89
In stock,Voyager (Outlander #3),Â£21.07
In stock,The Silkworm (Cormoran Strike #2),Â£23.05
In stock,"The Sandman, Vol. 3: Dream Country (The Sandman (volumes) #3)",Â£55.55
In stock,The Red Tent,Â£35.66
In stock,The Nanny Diaries (Nanny #1),Â£52.53
In stock,The Lonely Ones,Â£43.59
In stock,The Husband's Secret,Â£52.51
In stock,"The Disappearing Spoon: And Other True Tales of Madness, Love, and the History of the World from the Periodic Table of the Elements",Â£57.35
In stock,The Day the Crayons Came Home (Crayons),Â£26.33
In stock,The Complete Poems,Â£41.32
In stock,The Book of Basketball: The NBA According to The Sports Guy,Â£44.84
In stock,The Blind Side: Evolution of a Game,Â£53.71
In stock,Something Borrowed (Darcy & Rachel #1),Â£48.96
In stock,"Saga, Volume 3 (Saga (Collected Editions) #3)",Â£21.57
In stock,Life Without a Recipe,Â£59.04
In stock,"Lamb: The Gospel According to Biff, Christ's Childhood Pal",Â£55.50
In stock,Lady Renegades (Rebel Belle #3),Â£53.04
In stock,Into the Wild,Â£56.70
In stock,Inferno (Robert Langdon #4),Â£41.00
In stock,Gratitude,Â£26.66
In stock,Gone Girl,Â£37.60
In stock,Fifty Shades Freed (Fifty Shades #3),Â£15.36
In stock,Disrupted: My Misadventure in the Start-Up Bubble,Â£15.28
In stock,Dead Wake: The Last Crossing of the Lusitania,Â£39.24
In stock,Dark Places,Â£23.90
In stock,Crazy Rich Asians (Crazy Rich Asians #1),Â£49.13
In stock,Breaking Dawn (Twilight #4),Â£35.28
In stock,Brave Enough,Â£51.32
In stock,Blink: The Power of Thinking Without Thinking,Â£21.74
In stock,Between Shades of Gray,Â£20.79
In stock,Beautiful Creatures (Caster Chronicles #1),Â£21.55
In stock,Annie on My Mind,Â£36.83
In stock,A Visit from the Goon Squad,Â£14.08
In stock,A Heartbreaking Work of Staggering Genius,Â£54.29
In stock,Life,Â£31.58
In stock,H is for Hawk,Â£57.42
In stock,"Fruits Basket, Vol. 2 (Fruits Basket #2)",Â£11.64
In stock,While You Were Mine,Â£41.32
In stock,Ways of Seeing,Â£39.51
In stock,Travels with Charley: In Search of America,Â£57.82
In stock,The Zombie Room,Â£19.69
In stock,The Tumor,Â£41.56
In stock,The Silent Wife,Â£12.34
In stock,The Hook Up (Game On #1),Â£36.29
In stock,The Haters,Â£27.89
In stock,The Girl You Lost,Â£12.29
In stock,"Rat Queens, Vol. 1: Sass & Sorcery (Rat Queens (Collected Editions) #1-5)",Â£46.96
In stock,Off Sides (Off #1),Â£39.45
In stock,Kitchens of the Great Midwest,Â£57.20
In stock,Jane Eyre,Â£38.43
In stock,"Fruits Basket, Vol. 1 (Fruits Basket #1)",Â£40.28
In stock,Deep Under (Walker Security #1),Â£47.09
In stock,Bright Lines,Â£39.07
In stock,"Bleach, Vol. 1: Strawberry and the Soul Reapers (Bleach #1)",Â£34.65
In stock,A Spy's Devotion (The Regency Spies of London #1),Â£16.97
In stock,"1,000 Places to See Before You Die",Â£26.08
